{"cameraMode":{"drawMode":0,"name":"Shaded","section":"Shading Mode"},"sceneLighting":true,"audioPlay":false,"sceneViewState":{"m_AlwaysRefresh":false,"showFog":true,"showSkybox":false,"showFlares":true,"showImageEffects":true,"showParticleSystems":true,"showVisualEffectGraphs":true,"m_FxEnabled":true},"in2DMode":false,"pivot":{"x":3.8707447052001955,"y":-2.915759563446045,"z":15.841632843017579},"rotation":{"x":-0.19666853547096253,"y":0.057905327528715137,"z":-0.011636053211987019,"w":-0.9786902666091919},"size":17.084484100341798,"orthographic":false}